project_code,title,commitment_in_u.a,country,starting_date,status,source_of_financing,sector,sovereign
P-MG-H00-002,Madagascar - Industrialisation and Financial Sector Support Project (PAISF),12080000.0,Madagascar,2020-10-28,Approved,African Development Fund,Finance,Sovereign
P-Z1-H00-063,Multinational - Domestic debt markets development in the West African Monetary Zone,1500000.0,Multinational,2020-10-13,Implementation,Fragile States Facility,Finance,Sovereign
P-MG-HAZ-001,Madagascar - SME Business Linkages Program,1000000.0,Madagascar,2020-05-15,Implementation,Fragile States Facility,Finance,Sovereign
P-MU-H00-004,Mauritius - Stock Exchange Mauritius (SEM) Project,430000.0,Mauritius,2020-04-27,Implementation,Middle Income Countries Fund,Finance,Sovereign
P-AO-HAB-009,Angola - Line of Credit to « Banco Millennium Atlantico SA »,23415605.04,Angola,2020-04-15,Approved,African Development Bank,Finance,Non Sovereign
P-MR-HZ0-005,Mauritania - Financial Infrastructure Modernisation Support Project (PAMIF) - Additionnal Loan,400000.0,Mauritania,2020-04-01,Approved,African Development Fund,Finance,Sovereign
P-Z1-H00-057,Multinational - WAEMU Regional Mortgage Refinancing Company (CRRH),7978171.72,Multinational,2020-03-18,Approved,African Development Bank,Finance,Non Sovereign
P-Z1-HZ0-037,Multinational - Small- and Medium-sized Enterprise (SME) Business Linkages on East Africa Crude Oil Pipeline Project,1086959.78,Multinational,2020-02-11,Implementation,Fund for African Private Sector Assistance,Finance,Sovereign
P-Z1-HZ0-045,Uganda and Tanzania : MSMEs Business Linkage on East African Crude Oil Pipeline,363451.33,Multinational,2020-02-11,Approved,Fund for African Private Sector Assistance,Finance,Sovereign
P-EG-H00-005,Egypt - Line of Credit to «Corporate Leasing Company (Corplease) »,10976064.86,Egypt,2020-01-29,Approved,African Development Bank,Finance,Non Sovereign
P-ML-HZ0-001,Mali - African Trade Insurance Agency (ATI): Country Membership Programme,7290000.0,Mali,2019-12-05,Approved,African Development Fund,Finance,Sovereign
P-KE-HAB-030,Kenya - Equity Group Holdings Plc,73173765.74,Kenya,2019-11-28,Approved,African Development Bank,Finance,Non Sovereign
P-MA-HAA-012,"Morocco - ""Fonds dEquipement Communal (FEC)""",79781717.22,Morocco,2019-11-28,Approved,African Development Bank,Finance,Non Sovereign
P-Z1-HB0-064,Multinational  Project for Digitisation of Government Payments in the Mano River Union (DIGIGOV_MRU) countries  Guinea,1258000.0,Multinational,2019-11-25,Implementation,Fragile States Facility,Finance,Sovereign
P-Z1-HB0-071,SIERRA LEONE - Government Payments Digitization in Mano River Union,279000.0,Multinational,2019-11-25,Approved,Fragile States Facility,Finance,Sovereign
P-Z1-HB0-072,GOVERNMENT PAYMENTS (P2G & G2P) DIGITIZATION IN MANO RIVER UNION - LIBERIA,463000.0,Multinational,2019-11-25,Approved,Fragile States Facility,Finance,Sovereign
P-Z1-H00-072,Multinational - Projet dAppui au Démarrage du Marché Financier Unifié dAfrique Centrale (Projet AMFUAC),783328.0,Multinational,2019-11-21,Approved,Middle Income Countries Fund,Finance,Sovereign
P-GN-HA0-001,Guinea - Vista Bank - Africa SME Programme,5853901.26,Guinea,2019-09-24,Approved,African Development Bank,Finance,Non Sovereign
P-SN-HA0-002,Sénégal - Banque Nationale pour le Développement Economique (BNDE),11967257.58,Senegal,2019-09-24,Approved,African Development Bank,Finance,Non Sovereign
P-KE-HAB-026,Kenya - Credit Bank PLC (CBP),5666565.14,Kenya,2019-07-17,Approved,African Development Bank,Finance,Non Sovereign
P-RW-HAB-006,"Rwanda - ""Compagnie Générale de Banque PLC"" (COGEBANQUE)",10244327.2,Rwanda,2019-07-17,Approved,African Development Bank,Finance,Non Sovereign
P-Z1-HAA-092,Multinational - COMESA Regional Trade and Project Finance Support Facility - Eastern and Southern African Trade and Development Bank (TDB),36586882.87,Multinational,2019-07-17,Approved,African Development Bank,Finance,Non Sovereign
P-Z1-HAA-093,Multinational - COMESA Regional Trade and Project Finance Support Facility - Eastern and Southern African Trade and Development Bank (TDB),146347531.48,Multinational,2019-07-17,Implementation,African Development Bank,Finance,Non Sovereign
P-Z1-HAA-094,Multinational - COMESA Regional Trade and Project Finance Support Facility - Eastern and Southern African Trade and Development Bank (TDB),36586882.87,Multinational,2019-07-17,Approved,African Development Bank,Finance,Non Sovereign
P-Z1-HAB-073,Regional - Attijariwafa Bank - Partnership for Trade Development in Africa,79781717.22,Multinational,2019-07-17,Approved,African Development Bank,Finance,Non Sovereign
P-Z1-HZ0-038,Multinational - East African Community Payment and Settlement Systems Integration Project (EAC-PSSIP) - South Sudan,4800000.0,Multinational,2019-07-17,Implementation,African Development Fund,Finance,Sovereign
P-MZ-HAB-004,"Mozambique - Line of Credit to ""Banco Comercial E De Investimentos S.A. (BCI)""",21952129.72,Mozambique,2019-07-15,Approved,African Development Bank,Finance,Non Sovereign
P-TN-HAB-013,Tunisia - BH Bank (formerly known as Banque de lHabitat),84148876.19,Tunisia,2019-06-26,Approved,African Development Bank,Finance,Sovereign
P-MG-HZ0-001,Madagascar - Africa Disaster Risks Financing Progamme (ADRIFI),1500000.0,Madagascar,2019-05-30,Implementation,Fragile States Facility,Finance,Sovereign
P-TN-HAB-009,Tunisia - Amen Bank,12593612.52,Tunisia,2019-05-29,Approved,African Development Bank,Finance,Non Sovereign
P-TN-HAB-015,Tunisia - Amen Bank,29385095.88,Tunisia,2019-05-29,Approved,African Development Bank,Finance,Non Sovereign
P-KE-HB0-009,Kenya - Kenya Mortgage Refinance Company (KMRC),75461573.29,Kenya,2019-05-15,Implementation,African Development Bank,Finance,Sovereign
P-TN-HZ0-005,Tunisia - Financial Sector Modernisation Support Programme II - (PAMSFI II),95319040.77,Tunisia,2019-05-15,Approved,African Development Bank,Finance,Sovereign
P-BW-HAA-004,Botswana - Botswana Development Corporation Limited (BDC),57998332.55,Botswana,2019-04-24,Implementation,African Development Bank,Finance,Non Sovereign
P-NG-H00-011,Nigeria - Infrastructure Credit Guarantee Company Limited (INFRACREDIT),10717644.69,Nigeria,2019-04-05,Approved,African Development Bank,Finance,Non Sovereign
P-Z1-HZ0-034 ,Multinational - Africa Disaster Risk Financing (ADRiFi) Programme in The Gambia,900000.0,Multinational,2019-02-27,Implementation,Fragile States Facility,Finance,Sovereign
P-BF-HAA-001,Burkina Faso - Support Project for Establishing an Agribusiness Bank (PACBA),15000000.0,Burkina Faso,2018-12-14,Implementation,African Development Fund,Finance,Sovereign
P-Z1-HAA-091,Multinational - Capacity Building Support Project of the Maghreb Bank for Investment and Foreign Trade (BMICE),356000.0,Multinational,2018-12-12,Implementation,Middle Income Countries Fund,Finance,Sovereign
P-NG-HAB-042,Nigeria - Fidelity Bank PLC,36248957.84,Nigeria,2018-10-10,Implementation,African Development Bank,Finance,Non Sovereign
P-UG-HAA-006,Uganda - Uganda Development Bank Limited,3541603.21,Uganda,2018-07-20,Implementation,African Development Bank,Finance,Non Sovereign
P-UG-HAA-007,Uganda - Uganda Development Bank Limited,10874687.35,Uganda,2018-07-20,Implementation,African Development Bank,Finance,Non Sovereign
P-MA-HA0-005,"Morocco - ""Groupe Banque Centrale Populaire""",83957416.8,Morocco,2018-06-27,Implementation,African Development Bank,Finance,Non Sovereign
P-CD-HAB-005,Democratic Republic of the Congo - Rawbank,21632728.47,"Congo, the Democratic Republic of the",2018-03-07,Completion,African Development Bank,Finance,Non Sovereign
P-Z1-HB0-057,Multinational - African Local Currency Bond Fund (ALCB FUND),5682902.18,Multinational,2018-01-31,Implementation,African Development Bank,Finance,Non Sovereign
P-Z1-HB0-013,Multinational - West African Economic and Monetary Union (WAEMU) Regional Financial Market Support Project (PADMAFIR),696235.36,Multinational,2018-01-16,Implementation,Fund for African Private Sector Assistance,Finance,Sovereign
P-MR-HZ0-004,Mauritania - Financial Infrastructure Modernization Support Project (PAMIF),3600000.0,Mauritania,2017-12-15,Implementation,African Development Fund,Finance,Sovereign
P-MU-HAB-001,Mauritius - Maubank Holdings Limited,70832064.26,Mauritius,2017-12-11,Implementation,African Development Bank,Finance,Non Sovereign
G-TN-H00-ZZZ-001,Appui aux PME pour l'accès au financement non bancaire,370954.4,Tunisia,2017-12-08,Implementation,Multi donor Trust Fund for Countries in Transition,Finance,Sovereign
P-Z1-H00-047,Multinational - Line of Credit to Oragroup,39890858.61,Multinational,2017-11-24,Implementation,African Development Bank,Finance,Non Sovereign
P-ZM-HB0-006,Zambia - Zambia National Building Society,10115899.3,Zambia,2017-11-08,Implementation,African Development Bank,Finance,Non Sovereign
P-KE-HAB-013,Kenya - Kenya Commercial Bank Limited,70832064.26,Kenya,2017-10-25,Implementation,African Development Bank,Finance,Non Sovereign
P-ZA-HAA-014,South Africa - Industrial Development Corporation (IDC),127376170.38,South Africa,2017-09-27,Implementation,African Development Bank,Finance,Non Sovereign
P-SL-HAB-002,"Sierra Leone - Union Trust Bank Limited
(Africa SME Program)",2124961.93,Sierra Leone,2017-09-26,Implementation,African Development Bank,Finance,Non Sovereign
P-TN-HAB-005,"Tunisia - Hannibal Lease
(Africa SME Program)",6716593.34,Tunisia,2017-07-14,Implementation,African Development Bank,Finance,Non Sovereign
P-RW-HAA-007,Rwanda - Development Bank of Rwanda,14166412.85,Rwanda,2017-05-16,Implementation,African Development Bank,Finance,Non Sovereign
P-SZ-HAA-001,Swaziland - Swaziland Development Finance Corporation (FINCORP) -Second LoC is under the Africa SME Program,9701939.54,Eswatini,2017-05-12,Implementation,African Development Bank,Finance,Non Sovereign
P-SS-HZ0-001,South Sudan  - Regional Development Finance Institutions (African Trade Insurance Agency (ATI) and Eastern and Southern African Trade and Development Bank (TDB))  Country Membership Programme ,13379999.72,South Sudan,2017-04-12,Completion,African Development Fund,Finance,Sovereign
P-Z1-HAA-085,Multinational - African Export-Import Bank (Afreximbank) Trade Finance Package - Line of Credit,212496192.78,Multinational,2017-03-29,Implementation,African Development Bank,Finance,Non Sovereign
P-GN-HAA-001,Guinea - Financial Sector Modernization Support Project (PAMSFI),2400000.0,Guinea,2017-03-15,Implementation,African Development Fund,Finance,Sovereign
P-ST-H00-002,São Tomé and Principe - Payments System Infrastructure and Financial Inclusion Project,1500000.0,Sao Tome and Principe,2017-02-03,Implementation,African Development Fund,Finance,Sovereign
P-KE-HAB-008,Kenya - Commercial Bank of Africa Limited,35416032.13,Kenya,2017-01-25,Implementation,African Development Bank,Finance,Non Sovereign
P-KE-HAB-025,Kenya - Commercial Bank of Africa Limited,55997447.49,Kenya,2017-01-25,Completion,African Development Bank,Finance,Non Sovereign
P-Z1-HAA-084,Multinational - Eastern and Southern Africa Development Bank - Line of Credit (LoC) V,127497715.67,Multinational,2016-12-07,Implementation,African Development Bank,Finance,Non Sovereign
P-BW-HB0-004,Botswana - Middle Income Countries Technical Assistance Grant to Botswana Development Corporation (BDC),223843.0,Botswana,2016-12-06,Implementation,Middle Income Countries Fund,Finance,Sovereign
P-BF-HA0-001,Burkina Faso  Coris Bank International - Line of Credit,31903818.38,Burkina Faso,2016-11-23,Implementation,African Development Bank,Finance,Non Sovereign
P-KE-HAB-022,Kenya - Diamond Trust Bank Kenya Limited,53124048.19,Kenya,2016-11-18,Implementation,African Development Bank,Finance,Non Sovereign
P-TN-HAB-003,"Tunisia - ""Banque de lHabitat""",50374450.08,Tunisia,2016-10-19,Implementation,African Development Bank,Finance,Non Sovereign
P-EG-HA0-001,Egypt - Nasser Social Bank Restructuring Project - Phase I,396571.0,Egypt,2016-10-11,Completion,Middle Income Countries Fund,Finance,Sovereign
P-Z1-HA0-008,"Multinational - Project to Support the Promotion of Access by MFIs
(or DFSs) to the WAEMU Regional Payment System
(PASFDSPR)",4600000.0,Multinational,2016-09-21,Implementation,African Development Fund,Finance,Sovereign
P-Z1-HAB-045,Multinational - Ecobank Transnational Incorporated,224743538.62,Multinational,2016-09-21,Completion,African Development Bank,Finance,Non Sovereign
P-ZM-HAA-001,Zambia - Development Bank of Zambia,26626516.13,Zambia,2016-09-21,Implementation,African Development Bank,Finance,Non Sovereign
P-TG-H00-003,Togo - Projet d'appui à l'inclusion financière des femme vulnérables au Togo,1152173.0,Togo,2016-08-22,Implementation,Fragile States Facility,Finance,Sovereign
P-MA-HAZ-002,Morocco - Financial Stability and Inclusion Strengthening Support Programme,111539745.8,Morocco,2016-07-13,Completion,African Development Bank,Finance,Sovereign
P-TN-HZ0-002,Tunisia - Financial Sector Modernization Support Program,212879191.06,Tunisia,2016-07-13,Cancelled,African Development Bank,Finance,Sovereign
P-NG-HAB-037,Nigeria - First Bank of Nigeria Limited,141664128.52,Nigeria,2016-06-27,Implementation,African Development Bank,Finance,Non Sovereign
P-NG-HAB-038,Nigeria  Line of Credit to FSDH Merchant Bank Limited,36248957.84,Nigeria,2016-06-27,Completion,African Development Bank,Finance,Non Sovereign
P-MR-HAB-007,"Mauritania - ""Banque pour le Commerce et lIndustrie""  Trade Finance Line of Credit",7083206.43,Mauritania,2016-06-15,Implementation,African Development Bank,Finance,Non Sovereign
P-NG-HA0-012,Nigeria - United Bank For Africa PLC.,106248096.39,Nigeria,2016-06-08,Implementation,African Development Bank,Finance,Non Sovereign
P-MR-HA0-001,"Mauritania - ""Banque Populaire de Mauritanie"" (BPM) (under the Africa SME Program)",4958244.5,Mauritania,2016-05-20,Implementation,African Development Bank,Finance,Non Sovereign
P-TZ-HAB-009,Tanzania - CRDB Bank Limited,63748857.83,"Tanzania, United Republic of",2016-05-18,Implementation,African Development Bank,Finance,Non Sovereign
P-ZW-HZ0-001,Zimbabwe - African Trade Insurance ,2080000.0,Zimbabwe,2016-05-04,Completion,Fragile States Facility,Finance,Sovereign
P-ZW-HA0-002,Zimbabwe - Central Africa Building Society Zimbabwe,17708016.06,Zimbabwe,2016-04-20,Implementation,African Development Bank,Finance,Non Sovereign
P-Z1-H00-026,Multinational - West African Development Bank (BOAD) - Line of Credit III,83957416.8,Multinational,2016-03-23,Implementation,African Development Bank,Finance,Non Sovereign
P-Z1-H00-042,Multinational - West African Development Bank (BOAD) - Line of Credit III,33582966.72,Multinational,2016-03-23,Implementation,African Development Bank,Finance,Non Sovereign
P-NG-HAB-035,Nigeria - Wema Bank Plc,10624809.64,Nigeria,2016-03-09,Implementation,African Development Bank,Finance,Non Sovereign
P-Z1-HB0-056,Multinational- COMESA Microfinance regulation and supervision action plan development,215705.97,Multinational,2016-02-16,Completion,Fund for African Private Sector Assistance,Finance,Sovereign
P-AO-HAB-003,"Angola - Line of Credit to ""Banco Poupanca e Credito (BPC) SA""",84998477.11,Angola,2015-10-21,Implementation,African Development Bank,Finance,Non Sovereign
P-GH-HAB-004,Ghana - UniBank (Ghana) Limited,10374233.17,Ghana,2015-10-14,Implementation,African Development Bank,Finance,Non Sovereign
P-Z1-HZ0-016,Multinational - Regional African Trade Insurance - Country Membership Programme,4970000.0,Multinational,2015-09-23,Completion,African Development Fund,Finance,Sovereign
P-Z1-HZ0-022,Côte d'Ivoire - Regional African Trade Insurance Country Membership Programme (RACMP),9930000.0,Multinational,2015-09-23,Completion,African Development Fund,Finance,Sovereign
P-Z1-HZ0-023,Ethiopia- African Trade Insurance- RMC Membership Porgramme,4970000.0,Multinational,2015-09-23,Completion,African Development Fund,Finance,Sovereign
P-EG-H00-002,Egypt - Modernization of the Egyptian Central Bank Clearing and Settlement Depository System for Government Securities Project,891595.0,Egypt,2015-07-10,Completion,Middle Income Countries Fund,Finance,Sovereign
P-NA-HAA-004,Namibia - Development Bank of Namibia,189797338.62,Namibia,2015-07-09,Implementation,African Development Bank,Finance,Non Sovereign
P-MA-H00-004,Morocco - Morocco Economic Competitiveness Support Programme,82757707.5,Morocco,2015-07-08,Completion,African Development Bank,Finance,Sovereign
P-SC-H00-002,Seychelles- Strengthening the Financial Market,503416.0,Seychelles,2015-07-08,Completion,Middle Income Countries Fund,Finance,Sovereign
P-RW-HAB-004,"Rwanda - Access Bank (Rwanda) Ltd
(under the Africa SME Program)",4401053.32,Rwanda,2015-06-15,Implementation,African Development Bank,Finance,Non Sovereign
P-NG-H00-004,Nigeria - Support for Nigerian Extractive Industries Transparency Initiatives (NEITI),146010.31,Nigeria,2015-06-10,Completion,Middle Income Countries Fund,Finance,Sovereign
P-ET-HB0-002,Ethiopia - Capacity building for financial inclusion in Ethiopia (M-BIRR Mobile Money),226919.54,Ethiopia,2015-01-26,Completion,Fund for African Private Sector Assistance,Finance,Sovereign
P-LR-HB0-001,Liberia - Technical Assistance to support Access Bank on financial inclusion,327432.43,Liberia,2015-01-26,Completion,Fund for African Private Sector Assistance,Finance,Sovereign
P-CI-H00-002,Côte d'Ivoire - Projet d'incubateur pour jeunes entrepreneurs (PRODIJE),682604.0,Cote d'Ivoire,2014-12-16,Completion,Fund for African Private Sector Assistance,Finance,Sovereign
P-NG-HAA-004,Nigeria - Development Bank of Nigeria Plc Project,315972452.96,Nigeria,2014-12-15,Implementation,African Development Bank,Finance,Non Sovereign
P-NG-HB0-006,Nigeria - Trade mispricing the hidden drainage of resources out of Nigeria (MIC/ TAF Grant),189810.95,Nigeria,2014-11-18,Completion,Middle Income Countries Fund,Finance,Sovereign
P-KE-HAB-003,Kenya - Equity Bank Limited ,104831455.1,Kenya,2014-11-05,Completion,African Development Bank,Finance,Non Sovereign
P-Z1-HAA-059,Multinational - East African Development Bank (EADB),21249619.28,Multinational,2014-10-15,Completion,African Development Bank,Finance,Non Sovereign
P-Z1-HB0-038,Multinational - Microfinance Training Course for Policy and Development,172555.41,Multinational,2014-10-03,Completion,Fund for African Private Sector Assistance,Finance,Sovereign
P-MA-HZ0-011,Morocco - Financial Sector Development Support Programme  Phase III (PADESFI III),82867892.01,Morocco,2014-10-01,Completion,African Development Bank,Finance,Sovereign
P-NG-HB0-005,Nigeria - LAPO Microfinance Bank Ltd.,5630662.82,Nigeria,2014-10-01,Completion,African Development Bank,Finance,Non Sovereign
P-BF-HB0-001,Burkina Faso- Private Sector Credit Enhancement Facility (PSF) - Recommended Financial Sector Participations,1998321.41,Burkina Faso,2014-06-19,Completion,African Development Bank,Finance,Non Sovereign
P-Z1-HAA-055,Multinational - African Export-Import Bank,107852371.67,Multinational,2014-05-28,Implementation,African Development Bank,Finance,Non Sovereign
P-NG-HAB-019,Nigeria - Access Bank PLC,70832064.26,Nigeria,2014-05-15,Implementation,African Development Bank,Finance,Non Sovereign
P-MZ-HAB-001,"Mozambique - Moza Banco S.A.
(under the Africa SME Program)",12789307.33,Mozambique,2014-04-11,Implementation,African Development Bank,Finance,Non Sovereign
P-NG-HAB-016,Nigeria - Stanbic IBTC Bank PLC,885400.8,Nigeria,2014-03-26,Implementation,African Development Bank,Finance,Non Sovereign
P-NG-HAB-017,Nigeria - Zenith Bank PLC,88540080.32,Nigeria,2014-03-26,Implementation,African Development Bank,Finance,Non Sovereign
P-Z1-HAA-054,Regional - The Company for Habitat and Housing in Africa / Shelter Afrique,14499583.14,Multinational,2013-12-11,Implementation,African Development Bank,Finance,Non Sovereign
P-ZM-HB0-003,Zambia - CETZAM Financial Services PLC (under the Africa SME Program),1087358.37,Zambia,2013-10-21,Completion,African Development Bank,Finance,Non Sovereign
P-Z1-HAA-050,Multinational - Eastern and Southern African Trade and Development Bank (PTA Bank),35416032.13,Multinational,2013-10-02,Implementation,African Development Bank,Finance,Non Sovereign
P-MU-HAB-002,Mauritius - Mauritius Commercial Bank (MCB),106248096.39,Mauritius,2013-09-11,Implementation,African Development Bank,Finance,Non Sovereign
P-TN-HAA-038,Tunisia - BFPME: Boosting Private Sector Development Through Small and Medium Enterprise Creation and Expansion,566716.73,Tunisia,2013-08-05,Implementation,Fund for African Private Sector Assistance,Finance,Sovereign
P-NG-HA0-005,Nigeria - Fidelity Bank Plc,53124048.19,Nigeria,2013-07-17,Implementation,African Development Bank,Finance,Non Sovereign
P-GH-HAB-002,Ghana - UT Bank Limited Trade Finance Line of Credit,14374115.09,Ghana,2013-05-22,Completion,African Development Bank,Finance,Non Sovereign
P-KE-HAB-021,Kenya - Risk participation agreement to Imperial Bank Kenya in respect of Commerzbank,594072.68,Kenya,2013-05-22,Implementation,African Development Bank,Finance,Non Sovereign
P-Z1-HAA-051,FAPA- EADB 2013,632828.22,Multinational,2013-05-01,Completion,Fund for African Private Sector Assistance,Finance,Sovereign
P-MA-HZ0-009,Maroc- Projet dappui à la modernisation du cadre organisationnel de gestion de la dette (P-MOCOGEDE),536976.0,Morocco,2013-02-27,Implementation,Middle Income Countries Fund,Finance,Sovereign
P-Z1-HZ0-005,FAPA  Technical Assistance ECOWAS Bank for Investment and Development (EBID-BIDC),675686.24,Multinational,2013-02-26,Completion,Fund for African Private Sector Assistance,Finance,Sovereign
P-Z1-HAB-007,Regional - Ecobank Transnational Incorporated Trade Finance Package ,70650407.65,Multinational,2013-02-20,Completion,African Development Bank,Finance,Non Sovereign
P-Z1-HAB-010,Regional - Ecobank Transnational Incorporated Trade Finance Package ,64687655.65,Multinational,2013-02-20,Completion,African Development Bank,Finance,Non Sovereign
P-NE-HAB-001,Niger - Société Nigérienne de Banque (Sonibank),10912815.0,Niger,2013-01-16,Implementation,African Development Bank,Finance,Non Sovereign
P-SS-HA0-001,South Sudan - Institutional Support Project to Public Finance Management and Aid Coordination (PFAID),4800000.0,South Sudan,2012-12-19,Completion,Fragile States Facility,Finance,Sovereign
P-NG-HAB-022,"Nigeria - Naira line of credit to FirstRand Bank subsidiary, Rand Merchant Bank Nigeria Limited",25558386.6,Nigeria,2012-12-12,Implementation,African Development Bank,Finance,Non Sovereign
P-TZ-HAB-004,"Tanzania - Shilling line of credit to FirstRand Bank subsidiary, First National Bank of Tanzania Limited",14117912.81,"Tanzania, United Republic of",2012-12-12,Implementation,African Development Bank,Finance,Non Sovereign
P-ZM-HAB-022,"Zambia - Line of credit to first national Bank subsidiary, First National Bank of Zambia Limited",31143442.01,Zambia,2012-12-12,Implementation,African Development Bank,Finance,Non Sovereign
P-Z1-HZ0-003,Multinational -  East African Community - Payment and Settlement Systems Integration Project,15000000.0,Multinational,2012-12-05,Implementation,African Development Fund,Finance,Sovereign
P-MA-HZ0-010,Projet d'elaboration du Code Monetaire et Financier,489258.0,Morocco,2012-09-20,Completion,Middle Income Countries Fund,Finance,Sovereign
P-DZ-HA0-003,Algeria - Project to Strengthen Support for the Supervision of the Implementation of Plans to Modernize Information Systems of Public Banks,750000.0,Algeria,2012-08-17,Completion,Middle Income Countries Fund,Finance,Sovereign
P-ZA-HAA-011,South Africa - Land and Agricultural Development Bank of South Africa,40592158.41,South Africa,2012-06-20,Implementation,African Development Bank,Finance,Non Sovereign
P-TZ-HB0-001,Tanzania - FAPA  Grant to Enterprise Financial Centers,668786.99,"Tanzania, United Republic of",2012-06-05,Completion,Fund for African Private Sector Assistance,Finance,Sovereign
P-UG-HB0-001,FAPA  Grant to Enterprise Financial Centers ,695858.16,Uganda,2012-06-05,Completion,Fund for African Private Sector Assistance,Finance,Non Sovereign
P-Z1-HAA-041,Multinational - Africa Finance Corporation,141664128.52,Multinational,2012-02-15,Implementation,African Development Bank,Finance,Non Sovereign
G-Z1-HZ0-ZZZ-002,Strenghtening debt management capacity initiative,49735.11,Multinational,2011-12-15,Completion,Global Affairs Canada ,Finance,Sovereign
P-NA-HB0-001,Namibia - Trustco Finance,2831997.21,Namibia,2011-12-07,Completion,African Development Bank,Finance,Non Sovereign
P-SL-HA0-004,Central Bank of Sierra Leone Capacity Building Component of The Financial Sector Development Plan,807018.0,Sierra Leone,2011-11-30,Completion,Fragile States Facility,Finance,Sovereign
P-MA-HZ0-006,"Morocco - Financial Sector Development Support Programme - Phase II
",185624078.09,Morocco,2011-11-23,Completion,African Development Bank,Finance,Sovereign
P-UG-HA0-002,Uganda - Housing Finance Bank Limited,8389401.73,Uganda,2011-11-23,Implementation,African Development Bank,Finance,Non Sovereign
P-UG-HA0-003,Uganda - Housing Finance Bank Limited,3541603.21,Uganda,2011-11-23,Implementation,African Development Bank,Finance,Non Sovereign
P-DZ-HB0-002,Algeria - Ministry of Finance Capacity Building Program,497000.0,Algeria,2011-11-15,Completion,Middle Income Countries Fund,Finance,Sovereign
P-TN-HAA-037,Tunisia - Line of Credit in Support of Small and Medium-Sized Enterprises,36248957.84,Tunisia,2011-07-13,Completion,African Development Bank,Finance,Non Sovereign
P-ML-HA0-003,Mali - Banque Malienne de Solidarité,4617657.92,Mali,2011-07-06,Implementation,African Development Bank,Finance,Non Sovereign
P-NG-HAA-002,Nigeria - Domestic-oriented SME Financing Program,70832064.26,Nigeria,2011-05-26,Implementation,African Development Bank,Finance,Non Sovereign
P-NG-HAA-003,Nigeria - Export-oriented SME Financing Program,35416032.13,Nigeria,2011-05-26,Implementation,African Development Bank,Finance,Non Sovereign
P-Z1-HAA-032,Multinational - West African Development Bank (WADB),53732746.75,Multinational,2011-02-23,Implementation,African Development Bank,Finance,Non Sovereign
P-ZA-HAA-009,Multinational - Fifth Line of Credit to the Development Bank of Southern Africa Limited,211429900.42,South Africa,2011-02-03,Implementation,African Development Bank,Finance,Non Sovereign
P-MA-H00-002,Projet dappui au renforcement du système national de garantie en faveur des PME et des populations cibles (PARSNG),464988.0,Morocco,2011-01-19,Completion,Middle Income Countries Fund,Finance,Sovereign
P-RW-HAA-006,"Rwanda Development Bank , Technical Assistance ( Fapa)",538600.43,Rwanda,2011-01-11,Completion,Fund for African Private Sector Assistance,Finance,Sovereign
P-RW-HAB-003,Rwanda - Institutional Capacity Building Project,203963.98,Rwanda,2011-01-11,Completion,Fund for African Private Sector Assistance,Finance,Non Sovereign
P-MA-HZ0-007,Projet dappui au renforcement de la supervision et du contrôle des marchés financiers (PARSCMF),480350.0,Morocco,2010-12-13,Completion,Middle Income Countries Fund,Finance,Sovereign
P-RW-HAA-004,Rwanda - Banque Rwandaise de Développement,5666565.14,Rwanda,2010-11-19,Implementation,African Development Bank,Finance,Non Sovereign
P-RW-HAB-001,Rwanda - Bank of Kigali,8499847.71,Rwanda,2010-11-19,Implementation,African Development Bank,Finance,Non Sovereign
P-Z1-HZ0-002,"Multinational - West African Monetary Zone Payments System Development Project (The Gambia, Guinea, Sierra Leone and Liberia)",5000000.0,Multinational,2010-11-09,Completion,African Development Fund,Finance,Sovereign
G-Z1-H00-ZZZ-002,Payment & Settlement Development & Integration in the East African Community (EAC),53290.7,Multinational,2010-11-04,Completion,Global Affairs Canada ,Finance,Sovereign
P-Z1-HZ0-004,Multinational - Feasibility Study of the Project for the Establishment of the Fund for the Development and Financing of the Transport and Energy Sectors of the Economic Community of West African States (FODETE-ECOWAS),652415.02,Multinational,2010-07-30,Completion,NEPAD Infrastructure Project Preparation Facility,Finance,Sovereign
P-Z1-HA0-004,Multinational - African Export-Import Bank,106472083.02,Multinational,2010-07-19,Implementation,African Development Bank,Finance,Non Sovereign
P-NG-HAB-009,Nigeria - Guaranty Trust Bank Plc,62245399.03,Nigeria,2010-06-23,Completion,African Development Bank,Finance,Non Sovereign
G-Z2-H00-ZZZ-003,Report on the observance of Standards & Codes,50354.92,Multinational,2010-05-21,Completion,Global Affairs Canada ,Finance,Sovereign
P-ZA-HA0-003,South Africa - Line of Credit to the Industrial Development Corporation of South Africa,141664128.52,South Africa,2010-05-19,Implementation,African Development Bank,Finance,Non Sovereign
P-CI-HA0-001,"Côte D'Ivoire - Equity Participation in ""MicroCred Côte dIvoire""",737001.14,Cote d'Ivoire,2010-04-16,Completion,Fund for African Private Sector Assistance,Finance,Sovereign
P-Z1-HAA-060,Multinational - Banque de Développement des Etats de l'Afrique Centrale (BDEAC) - FAPA  Grant,646985.37,Multinational,2010-02-05,Completion,Fund for African Private Sector Assistance,Finance,Sovereign
P-MA-HZ0-003,Morocco - The Financial Sector Development Support Programme,134245985.05,Morocco,2009-12-09,Completion,African Development Bank,Finance,Sovereign
P-Z1-H00-002,Multinational - African Trade Insurance,649350.65,Multinational,2009-10-22,Completion,Fund for African Private Sector Assistance,Finance,Sovereign
405054,African Tax Administration Forum (ATAF) for Analytical Work & consolidation Meeting 2009-2011,91228.35,Multinational,2009-10-09,Completion,Global Affairs Canada ,Finance,Sovereign
P-NG-HA0-003,Nigeria - ABN Microfinance Bank Nigeria (ABN) - TA,651856.49,Nigeria,2009-09-01,Completion,Fund for African Private Sector Assistance,Finance,Sovereign
P-TZ-HA0-005,Access Bank of Tanzania Technical Assistance FAPA Grant,430225.28,"Tanzania, United Republic of",2009-08-05,Completion,Fund for African Private Sector Assistance,Finance,Sovereign
P-NG-HAB-013,Nigeria - Line of Credit to Zenith Bank Plc under the Emergency Liquidity Facility,36245279.05,Nigeria,2009-07-22,Completion,African Development Bank,Finance,Non Sovereign
P-NG-HAB-014,Nigeria - Line of Credit to the United Bank for Africa Plc under the Emergency Liquidity Facility,32592824.36,Nigeria,2009-07-22,Completion,African Development Bank,Finance,Non Sovereign
P-NG-HAB-015,Nigeria - Line of Credit to the United Bank for Africa Plc under the Trade Finance Initiative,65185648.73,Nigeria,2009-07-22,Completion,African Development Bank,Finance,Non Sovereign
P-ZM-HB0-002,Zambia - Technical Assistance Project for Zambia Pulse Financial Services,607142.86,Zambia,2009-07-13,Completion,Fund for African Private Sector Assistance,Finance,Sovereign
P-Z1-HAA-017,"Multinational - Line of Credit to the Company for Habitat and Housing in Africa (""Shelter-Afrique"")",21749374.71,Multinational,2009-02-18,Implementation,African Development Bank,Finance,Non Sovereign
404791,African Financing Partnership (AFP),122899.01,Multinational,2009-02-17,Implementation,Global Affairs Canada ,Finance,Sovereign
404171,Collaboration en matière de réforme budgétaire africaine (CABRI),176925.13,South Africa,2008-12-03,Completion,Global Affairs Canada ,Finance,Sovereign
P-ZM-HAB-001,Zambia - FAPA  Technical Assistance for Zambian Small and medium-sized enterprises (SMEs),634472.05,Zambia,2008-11-10,Completion,Fund for African Private Sector Assistance,Finance,Sovereign
P-LR-H00-001,Liberia - Technical Assistance for Access Bank,651856.49,Liberia,2008-11-05,Completion,Fund for African Private Sector Assistance,Finance,Sovereign
P-ZM-HAZ-001,Zambia - Partial Credit Guarantee Facility to Zambia National Commercial Bank Plc,8662279.45,Zambia,2008-09-24,Completion,African Development Bank,Finance,Non Sovereign
P-ZM-HAZ-002,Zambia - Line of Credit to Investrust Bank Plc,2360749.5,Zambia,2008-09-24,Completion,African Development Bank,Finance,Non Sovereign
P-ZA-HA0-001,South Africa - Line of Credit to Standard Bank of South Africa,163650294.2,South Africa,2008-09-11,Implementation,African Development Bank,Finance,Non Sovereign
P-ZA-HA0-002,South Africa - Line of Credit to Nedbank Limited,72315469.0,South Africa,2008-09-11,Implementation,African Development Bank,Finance,Non Sovereign
P-GH-HAB-001,Ghana - Line of Credit to CAL Bank Limited ,10685739.52,Ghana,2008-07-24,Completion,African Development Bank,Finance,Non Sovereign
P-MR-HAB-003,"Mauritania - Line of Credit to the ""Banque pour le Commerce et l'Industrie""",5799244.65,Mauritania,2008-07-17,Completion,African Development Bank,Finance,Non Sovereign
P-MR-HAB-004,Mauritania - Line of Credit to Mauritania Leasing,3624527.91,Mauritania,2008-07-17,Completion,African Development Bank,Finance,Non Sovereign
P-Z1-HZ0-001,"Multinational - West African Monetary Zone Payment System Development Project (The Gambia, Guinea and Sierra Leone)",14000000.0,Multinational,2008-07-09,Completion,African Development Fund,Finance,Sovereign
P-Z1-HAA-016,Multinational - Third Line of Credit to the Eastern and Southern African Trade and development Bank (PTA Bank),37118994.83,Multinational,2008-03-12,Completion,African Development Bank,Finance,Non Sovereign
P-CD-HA0-001,Advans Banque (Congo),610389.61,"Congo, the Democratic Republic of the",2008-02-04,Completion,Fund for African Private Sector Assistance,Finance,Sovereign
P-Z1-HAA-013,"Banque ouest africaine de développement (BOAD), assitance technique, FAPA",621219.23,Multinational,2008-02-04,Completion,Fund for African Private Sector Assistance,Finance,Sovereign
P-Z1-HAA-012,Multinational - Third Line of Credit to the West African Development Bank (BOAD),33903189.44,Multinational,2008-01-30,Completion,African Development Bank,Finance,Non Sovereign
P-CM-HAB-001,"Cameroon - Growth-Oriented Women Enterprises Development Programme
(GOWE)",345483.94,Cameroon,2007-12-27,Cancelled,Fund for African Private Sector Assistance,Finance,Sovereign
P-Z1-HAA-028,Multinational - Shelter-Afrique,619263.66,Multinational,2007-12-27,Completion,Fund for African Private Sector Assistance,Finance,Sovereign
P-EG-HAB-005,Institutionnal Support to National Bank of Egypt (Mic),300000.0,Egypt,2007-03-31,Completion,Middle Income Countries Fund,Finance,Sovereign
P-NG-HAB-006,Nigeria - Second Line of Credit to Zenith Bank PLC,64698537.17,Nigeria,2006-12-13,Completion,African Development Bank,Finance,Non Sovereign
P-NG-HAB-007,Line of Credit to Access Bank Plc - Nigeria,25075046.03,Nigeria,2006-12-13,Completion,African Development Bank,Finance,Non Sovereign
P-EG-HZ0-001,Egypt - Financial Sector Reform Programme (FRSP-1),354160321.29,Egypt,2006-07-26,Completion,African Development Bank,Finance,Sovereign
P-ZA-HAA-008,South Africa - Fourth Line of Credit to DBSA - Development Bank of Southern Africa,73700114.24,South Africa,2006-07-21,Implementation,African Development Bank,Finance,Non Sovereign
P-NG-HAB-005,LOC to Guarantee Trust Bank,26074259.49,Nigeria,2005-12-12,Completion,African Development Bank,Finance,Non Sovereign
P-EG-HAB-010,Sme Support Project - Second Line of Credit to National Bank of Egypt (2nd LOC Nbe),146162503.47,Egypt,2005-10-12,Completion,African Development Bank,Finance,Sovereign
P-MZ-HZ0-001,Financial Sector Technical Assistance Project (Fstap),6800000.0,Mozambique,2005-10-04,Completion,African Development Fund,Finance,Sovereign
P-TN-HAA-030,Tunisia - Competitiveness Support Programme III (PAC III),92936064.75,Tunisia,2005-09-21,Completion,African Development Bank,Finance,Sovereign
P-NG-HAB-004,Line of Credit to Zenith Bank Plc,45629954.11,Nigeria,2005-03-02,Completion,African Development Bank,Finance,Non Sovereign
P-ZA-HAA-006,South Africa - Non-Sovereign Guaranteed Line of Credit Agreement,10636968.45,South Africa,2004-11-05,Implementation,African Development Bank,Finance,Non Sovereign
P-BW-HAA-001,LOC to The National Development Bank (Ndb),19732298.48,Botswana,2004-10-08,Completion,African Development Bank,Finance,Non Sovereign
P-NA-HAA-003,Third Line of Credit to Agribank,8108649.54,Namibia,2004-09-29,Completion,African Development Bank,Finance,Non Sovereign
P-Z1-HAA-005,Multinational - PTA Bank First Line of Credit and Technical Assistance Support,21347994.0,Multinational,2003-12-17,Completion,African Development Bank,Finance,Non Sovereign
P-Z1-HAA-009,East African Development Bank (Eadb) Line of Credit & Technical Assistance,28352429.9,Multinational,2003-12-17,Approved,African Development Bank,Finance,Non Sovereign
P-TN-HB0-001,Tunisia - Line of Credit to Tunisie Leasing (TL),7042625.49,Tunisia,2003-07-23,Completion,African Development Bank,Finance,Non Sovereign
P-TN-HAA-028,Tunisia - Second Line of Credit to Banque de lHabitat,66511473.23,Tunisia,2003-07-21,Implementation,African Development Bank,Finance,Non Sovereign
P-ZA-HAA-003,South Africa - Third Line of Credit to the Development Bank of Southern Africa Limited (DBSA),71357723.4,South Africa,2003-07-16,Completion,African Development Bank,Finance,Non Sovereign
P-TG-HA0-003,Togo - Line of Credit to Ecobank Transnational Incorporated (ETI),6518564.87,Togo,2003-04-02,Completion,African Development Bank,Finance,Non Sovereign
P-TN-HAA-027,Tunisia - Fourth Line of Credit to Investment Bank of Tunisia and the Emirates (BTEI),31575212.49,Tunisia,2002-12-20,Completion,African Development Bank,Finance,Non Sovereign
P-MA-HA0-001,Fourth Financial Sector Support Programme (PASFI IV),109219734.22,Morocco,2002-12-12,Completion,African Development Bank,Finance,Sovereign
P-MR-HAB-001,Ligne de Crédit à la Générale de Banques de Mauritanie (GBM),6518564.87,Mauritania,2002-12-12,Completion,African Development Bank,Finance,Non Sovereign
P-EG-HAA-009,Line of Credit to Edbe,41718815.19,Egypt,2002-10-23,Completion,African Development Bank,Finance,Non Sovereign
P-EG-HAB-003,Line of Credit to Nbe,103180159.93,Egypt,2002-10-23,Completion,African Development Bank,Finance,Non Sovereign
P-Z1-HAA-008,Multinational - Project to reform system and means of payment in UEMOA countries,5431688.4,Multinational,2002-10-02,Completion,African Development Fund,Finance,Sovereign
P-GH-HA0-006,Line of Credit to Cal Merchant Bank,3259282.44,Ghana,2002-07-10,Completion,African Development Bank,Finance,Non Sovereign
P-TN-HAB-002,Tunisia - Line of Credit to Banque de Tunisie,26409845.59,Tunisia,2002-07-10,Completion,African Development Bank,Finance,Non Sovereign
P-TN-HAA-025,Tunisia - Line of Credit to Banque de lHabitat,21221488.99,Tunisia,2002-02-27,Implementation,African Development Bank,Finance,Non Sovereign
P-MZ-HAA-001,Line of Credit to Support Small and Medium Enterprises,3487972.9,Mozambique,2002-01-16,Completion,African Development Fund,Finance,Non Sovereign
P-TN-HA0-004,Tunisia - Competitiveness Support Programme II (PAC II),151123350.24,Tunisia,2001-11-28,Completion,African Development Bank,Finance,Sovereign
P-EG-HAB-002,Egypt - Line of Credit  to the Suez Canal Bank of Egypt,45629954.11,Egypt,2001-10-18,Completion,African Development Bank,Finance,Non Sovereign
P-NG-HAB-002,Line of Credit to Fedelity Bank (Former Fsb),11733416.77,Nigeria,2001-10-18,Completion,African Development Bank,Finance,Non Sovereign
P-NA-HAA-002,Second Line of Credit to Agribank,4865201.48,Namibia,2001-09-13,Completion,African Development Bank,Finance,Sovereign
P-NG-HA0-001,Nigeria - Line of Credit to United Bank for Africa Plc,19555694.62,Nigeria,2000-12-20,Completion,African Development Bank,Finance,Non Sovereign
P-TN-HAA-024,Tunisia - Fourth Line of Credit to Tuniso-Kuwaiti Development Bank (BTKD),17160556.27,Tunisia,2000-12-13,Completion,African Development Bank,Finance,Non Sovereign
P-RW-HAA-002,Rwanda - Third Line of Credit to the Rwandan Development Bank,5994692.33,Rwanda,2000-11-16,Implementation,African Development Fund,Finance,Non Sovereign
P-GH-H00-001,Ghana - Rural Financial Services Project,3470511.96,Ghana,2000-10-11,Completion,African Development Fund,Finance,Sovereign
P-ZA-HAA-001,South Africa - Line of Credit to the Industrial Development Corporation of South Africa Limited (IDC),71642988.66,South Africa,2000-06-28,Completion,African Development Bank,Finance,Non Sovereign
P-TN-HAA-023,Tunisia - Seventh Line of Credit to the « Banque de Développement économique de la Tunisie (BDET) »,63954077.85,Tunisia,2000-05-17,Completion,African Development Bank,Finance,Sovereign
P-NA-HAA-001,Namibia - First Line of Credit to Agribank,3892161.19,Namibia,1999-12-13,Completion,African Development Bank,Finance,Sovereign
P-ZA-HAA-002,South Africa - Second Line of Credit to the Development Bank of Southern Africa Limited (DBSA),30578234.41,South Africa,1999-11-10,Completion,African Development Bank,Finance,Non Sovereign
P-Z1-HAA-007,Multinational - Sixth Line of Credit to East African Development Bank (EADB),17422941.28,Multinational,1999-10-06,Completion,African Development Bank,Finance,Non Sovereign
P-SC-HAA-003,Third Line of Credit to The Dbs,731716.46,Seychelles,1999-07-07,Cancelled,African Development Bank,Finance,Sovereign
P-TN-HA0-003,Tunisia - Competitiveness Support Programme I (PAC I),91804208.39,Tunisia,1999-03-17,Completion,African Development Bank,Finance,Sovereign
P-MA-H00-001,Institutional Saving Developmt Programme,129175490.84,Morocco,1997-11-19,Completion,African Development Bank,Finance,Sovereign
P-TN-HAA-022,Tunisia - Sixth Line of Credit to Banque Nationale de Développement Touristique (BNDT),217561512.28,Tunisia,1997-11-19,Completion,African Development Bank,Finance,Sovereign
P-MR-HZ0-002,Programme Gestion Ressources Publiques,7386344.99,Mauritania,1996-12-17,Completion,African Development Fund,Finance,Sovereign
P-MW-HA0-002,Malawi - Investment and Development Bank (INDEBANK) First Line of Credit,1346291.02,Malawi,1996-12-12,Completion,African Development Fund,Finance,Sovereign
P-DZ-HAA-001,Algeria - Second Line of Credit to Crédit Populaire d'Algérie (CPA),87461145.21,Algeria,1996-12-10,Completion,African Development Bank,Finance,Sovereign
P-MA-HZ0-001,Programme d'ajustement du secteur financier (III),150000000.0,Morocco,1995-11-22,Completion,African Development Bank,Finance,Sovereign
P-LS-HB0-001,Lesotho - Second Line of Credit to Lesotho National Development Corporation (LNDC),3159504.3,Lesotho,1994-12-15,Completion,Nigerian Trust Fund,Finance,Sovereign
P-Z1-HAA-002,Fifth Lign of credit to East African Development  Bank,15032246.44,Multinational,1994-08-25,Completion,African Development Bank,Finance,Non Sovereign
P-TN-HAA-017,3ème ligne de crédit à la  Banque tuniso-koweïtienne (BTK),11561466.63,Tunisia,1994-04-27,Completion,African Development Bank,Finance,Sovereign
P-TN-HAA-018,3ème Ligne de Crédit à la Société Tuniso-Saoudienne d'Investissement et de Développement (STUSID),12010952.69,Tunisia,1994-04-27,Completion,African Development Bank,Finance,Sovereign
P-TN-HAA-019,3ème Ligne de Crédit à la Banque tuniso-qatarie d'investissement (BTQI),12402757.98,Tunisia,1994-04-27,Completion,African Development Bank,Finance,Sovereign
P-TN-HAA-021,3ème ligne de crédit à la Banque de Tunisie et des Emirats d'investissements (BTEI),6573622.64,Tunisia,1994-04-27,Completion,African Development Bank,Finance,Sovereign
P-Z1-HAA-001,Multinational - Line of Credit to Pta Bank,14865448.95,Multinational,1994-02-23,Completion,African Development Bank,Finance,Non Sovereign
P-MZ-HA0-002,C. Facility for Small Enterprises Study,163552.73,Mozambique,1993-07-10,Completion,African Development Fund,Finance,Sovereign
P-TN-HAA-004,6ème Ligne de Crédit à la Banque de développement économique de Tunisie (BDET),58960353.19,Tunisia,1993-06-23,Completion,African Development Bank,Finance,Sovereign
P-MA-HAA-008,"Sixth Line of Credit to the BNDE
",43406329.9,Morocco,1993-05-06,Completion,African Development Bank,Finance,Non Sovereign
P-TZ-HAZ-001,Financial Sector Adjustment Programme,27457415.99,"Tanzania, United Republic of",1992-05-25,Completion,African Development Fund,Finance,Sovereign
P-MA-HAZ-001,Programme d'ajustement du secteur financier (I),75000000.0,Morocco,1992-01-27,Completion,African Development Bank,Finance,Sovereign
P-TN-HAA-010,4ème Ligne de Crédit à la Banque nationale de développement touristique (BNDT),119999773.09,Tunisia,1992-01-27,Completion,African Development Bank,Finance,Sovereign
P-MZ-HA0-001,Mozambique - Institutional Support Project to Banco Poprrlar de Desenvolvimento (BPD),2148936.03,Mozambique,1991-10-30,Completion,African Development Fund,Finance,Sovereign
P-MA-HA0-002,Ligne de Crédit à la Banque Centrale Populaire (BCP),30000000.0,Morocco,1991-10-29,Completion,African Development Bank,Finance,Sovereign
P-MA-HA0-003,Ligne de Crédit à la Banque Commerciale du Maroc (BCM),13352594.92,Morocco,1991-10-29,Completion,African Development Bank,Finance,Sovereign
P-MA-HAA-006,Ligne de Crédit au Crédit Immobilier et hôtelier (CIH),5026499.32,Morocco,1991-10-29,Completion,African Development Bank,Finance,Sovereign
P-MA-HAA-009,Ligne de Crédit à la Banque Centrale Populaire (BCP); à la Banque marocaine du commerce extérieur (BMCE); et à la Banque commerciale du maroc (BCM),7871217.83,Morocco,1991-10-29,Completion,African Development Bank,Finance,Sovereign
P-SC-HAA-001,Line of Credit II to D.B.S,3999846.18,Seychelles,1991-10-29,Completion,African Development Bank,Finance,Non Sovereign
P-MR-HZ0-001,Projet de réhabilitation des entreprises publiques,13815780.0,Mauritania,1991-08-28,Completion,African Development Fund,Finance,Sovereign
P-TN-HAA-007,2ème Ligne de Crédit à la Banque de Tunisie et des Emirats d'Investissements (BTEI),24902158.08,Tunisia,1991-06-17,Completion,African Development Bank,Finance,Sovereign
P-TN-HAA-008,2ème Ligne de Crédit à la Société Tuniso-Saoudienne d'Investissement et de Développement (STUSID),19845430.59,Tunisia,1991-06-17,Completion,African Development Bank,Finance,Sovereign
P-TN-HAA-009,2ème ligne de crédit à la Banque tuniso-qatarie d'investissement,20006119.69,Tunisia,1991-06-17,Completion,African Development Bank,Finance,Sovereign
P-TN-HAA-014,2ème ligne de crédit à la  Banque tuniso-koweïtienne (BTK),34997325.88,Tunisia,1991-06-17,Completion,African Development Bank,Finance,Sovereign
P-SD-HAA-002,Institutional Support to the industrial Bank of Sudan,610041.34,Sudan,1991-01-29,Completion,African Development Fund,Finance,Sovereign
P-UG-HAA-001,Small & Medium Scale Entreprises Development (LOC to Uganda Development Bank),16155010.03,Uganda,1990-11-21,Completion,African Development Bank,Finance,Non Sovereign
P-TN-HAA-005,5ème Ligne de Crédit à la Banque de développement économique de Tunisie (BDET),30000000.0,Tunisia,1990-08-29,Completion,African Development Bank,Finance,Sovereign
P-TN-HAA-006,3ème Ligne de Crédit à la Banque nationale de développement touristique (BNDT),60000000.0,Tunisia,1990-06-11,Completion,African Development Bank,Finance,Sovereign
P-ZW-HA0-001,Institutional Support to Zdb,8142172.48,Zimbabwe,1990-02-15,Completion,African Development Bank,Finance,Sovereign
P-ML-HA0-002,Projet d'assistance technique à la Banque de développement du Mali (BDM),964341.44,Mali,1989-11-21,Completion,African Development Fund,Finance,Sovereign
P-AO-HA0-001,Angola - Institutional Support to the B.N.A. - Grant,778529.51,Angola,1989-10-17,Completion,African Development Fund,Finance,Sovereign
P-RW-HA0-002,Ligne de crédit à la Banque Rwandaise de Développement,5628545.87,Rwanda,1989-06-12,Completion,African Development Bank,Finance,Sovereign
P-NG-H00-001,Nidb Line of Credit,69644669.08,Nigeria,1989-03-23,Completion,African Development Bank,Finance,Non Sovereign
P-TD-HA0-002,Appui Institutionnel à la Banque de développement du Tchad (BDT),1590045.94,Chad,1989-02-23,Completion,African Development Fund,Finance,Sovereign
P-MZ-HA0-003,B.P.D Institutional Support (Grant),135381.15,Mozambique,1988-09-20,Completion,African Development Fund,Finance,Sovereign
P-DZ-HAB-001,Algeria - Line of credit in the industry sector,39422205.42,Algeria,1988-08-23,Completion,African Development Bank,Finance,Sovereign
P-MR-HAZ-001,Programme d'ajustement Structurel,13815780.0,Mauritania,1988-05-27,Completion,African Development Fund,Finance,Sovereign
P-TN-HAA-011,1ère ligne de crédit à la Banque de Tunisie et des Emirats d'investissements (BTEI),8000000.0,Tunisia,1988-03-21,Completion,African Development Bank,Finance,Sovereign
P-TN-HAA-012,1ère ligne de crédit à la  Banque tuniso-koweïtienne (BTK),15000000.0,Tunisia,1988-03-21,Completion,African Development Bank,Finance,Sovereign
P-TN-HAA-013,Ligne de Crédit à la Banque tuniso-qatarie d'investissement (BTQI),7000000.0,Tunisia,1988-03-21,Completion,African Development Bank,Finance,Sovereign
P-TN-HAA-015,2ème Ligne de Crédit à la Banque nationale de développement touristique (BNDT),20000000.0,Tunisia,1988-03-21,Completion,African Development Bank,Finance,Sovereign
P-TN-HAA-016,Ligne de Crédit à la Société Tuniso-Saoudienne d'Investissement et de Développement (STUSID),9997882.94,Tunisia,1988-03-21,Completion,African Development Bank,Finance,Sovereign
P-Z1-HA0-001,Ligne de Crédit au Fonds CEDEAO,10850508.49,Multinational,1988-02-24,Completion,African Development Bank,Finance,Sovereign
P-MU-HA0-002,Line of Credit III,3934863.68,Mauritius,1988-02-23,Completion,African Development Bank,Finance,Non Sovereign
P-ZR-HA0-004,Ligne de Crédit Agricole,3987671.82,Ex Zaire,1987-12-15,Completion,African Development Fund,Finance,Sovereign
P-UG-HA0-001,Agricultural Line of Credit to Ucb (P),12021505.18,Uganda,1987-11-25,Completion,African Development Fund,Finance,Non Sovereign
P-CF-HA0-001,Ligne de Crédit Agricole,639105.85,Central African Republic,1987-10-27,Completion,African Development Fund,Finance,Sovereign
P-DJ-HAB-001,Ligne de Crédit I,2827916.8,Djibouti,1987-08-18,Completion,African Development Fund,Finance,Sovereign
P-TN-HZ0-001,Programme d'ajustement  dans le Secteur Industriel,80000000.0,Tunisia,1987-08-18,Completion,African Development Bank,Finance,Sovereign
P-KE-HAA-002,Lign of credit to Kenya Industrial Estates (K.I.E),4523529.09,Kenya,1986-12-22,Completion,African Development Fund,Finance,Non Sovereign
P-SD-HAA-001,Line of Credit to Ibs,10031279.07,Sudan,1986-10-28,Completion,African Development Fund,Finance,Non Sovereign
P-MA-HAA-005,"Fifth Line of Credit to the ""Banque Nationale pour le Développement Economique""",49996958.1,Morocco,1986-09-24,Completion,African Development Bank,Finance,Non Sovereign
P-LS-HA0-001,Rural C. & Banking Facilities (ADF),4221054.52,Lesotho,1986-09-23,Completion,African Development Fund,Finance,Sovereign
P-SC-HA0-001,Line of Credit,2972992.69,Seychelles,1986-06-17,Completion,Nigerian Trust Fund,Finance,Sovereign
P-MR-HAA-001,Ligne de Crédit à l'Union des Banques de développement (UBD),3474461.09,Mauritania,1986-03-18,Completion,African Development Fund,Finance,Sovereign
P-ML-HA0-001,Ligne de crédit à la Banque de développement du Mali (BDM),4512463.84,Mali,1986-01-15,Completion,Nigerian Trust Fund,Finance,Sovereign
P-SO-H00-001,Agricultural Line of Credit,10992528.85,Somalia,1985-09-26,Cancelled,African Development Fund,Finance,Sovereign
P-Z1-HAA-004,Line of Credit IV to Eadb,18064058.19,Multinational,1985-09-26,Completion,African Development Bank,Finance,Non Sovereign
P-RW-HA0-001,Ligne de crédit à la Banque Rwandaise de Développement,4590621.5,Rwanda,1985-08-28,Completion,African Development Fund,Finance,Sovereign
P-ZR-HA0-003,Deuxième Ligne de Crédit Agricole,12904697.85,Ex Zaire,1985-02-13,Completion,African Development Fund,Finance,Sovereign
P-EG-HAA-005,Dib Fourth Line of Credit,40800461.65,Egypt,1984-12-12,Completion,African Development Bank,Finance,Non Sovereign
P-TN-HAA-002,1ère Ligne de crédit à la Banque Nationale  Développement ,30000005.76,Tunisia,1984-12-12,Completion,African Development Bank,Finance,Sovereign
P-TN-HAA-003,3ème Ligne de Crédit à la Banque de développement économique de Tunisie (BDET),20000000.0,Tunisia,1984-12-12,Completion,African Development Bank,Finance,Sovereign
P-KE-HAA-001,Third Line of Credit to Idb (ADB),19465441.54,Kenya,1984-08-22,Completion,African Development Bank,Finance,Non Sovereign
P-UG-H00-001,Line of Credit II,19974035.59,Uganda,1983-11-22,Completion,African Development Bank,Finance,Non Sovereign
P-SO-HAA-001,Lign of credit to the Somalia Development Bank,4864872.43,Somalia,1983-02-22,Completion,African Development Bank,Finance,Non Sovereign
P-BW-HA0-001,Ndb Line of Credit I,1158536.73,Botswana,1982-12-21,Completion,African Development Bank,Finance,Non Sovereign
P-MU-HA0-001,Line of Credit II,2958926.98,Mauritius,1982-05-25,Completion,African Development Bank,Finance,Non Sovereign
P-TN-HA0-002,3ème Ligne de Crédit à la Banque de développement économique de Tunisie (BDET),10000000.0,Tunisia,1982-03-16,Completion,African Development Bank,Finance,Sovereign
P-Z1-HAA-003,Line of Credit III to Eadb,9817538.14,Multinational,1982-03-16,Completion,African Development Bank,Finance,Non Sovereign
P-ZR-HA0-002,Ligne de Credit,2788661.15,Ex Zaire,1981-12-29,Completion,African Development Fund,Finance,Sovereign
P-EG-HAA-004,Line of Credit III to Dib (ADB),10001799.18,Egypt,1981-11-24,Completion,African Development Bank,Finance,Non Sovereign
P-MA-HAA-004,Ligne de Crédit (IV) à la Banque Nationale pour le Développement économique,9595341.39,Morocco,1981-11-24,Completion,African Development Bank,Finance,Sovereign
P-SD-HAZ-001,L O C. to Agr. Bank O Soudan(ADF),7288295.95,Sudan,1981-10-30,Completion,African Development Fund,Finance,Sovereign
P-ZR-HA0-001,Ligne de Crédit (II),9823662.62,Ex Zaire,1981-08-24,Completion,African Development Bank,Finance,Sovereign
P-EG-HAA-001,Ligne de Crédit II,9877125.9,Egypt,1980-04-25,Completion,African Development Bank,Finance,Sovereign
P-TN-HAA-001,2ème Ligne de Crédit à la Banque de développement économique de Tunisie (BDET),10000000.0,Tunisia,1980-04-25,Completion,African Development Bank,Finance,Sovereign
P-UG-HAA-002,Line of Credit I (P),9724913.12,Uganda,1980-03-26,Completion,African Development Bank,Finance,Non Sovereign
P-LS-HA0-002,Line of Credit,2101349.48,Lesotho,1979-11-27,Completion,Nigerian Trust Fund,Finance,Sovereign
P-CG-HA0-001,Ligne de Crédit à la Banque Nationale de Développement du Congo (BNDC),3499965.2,Congo,1979-03-21,Completion,African Development Bank,Finance,Sovereign
P-KE-HA0-001,Line of Credit II,4990309.86,Kenya,1979-03-21,Completion,African Development Bank,Finance,Non Sovereign
P-CM-HA0-001,Ligne de Crédit à la Banque Camerounaise de Développement (BCD),1801413.74,Cameroon,1979-01-23,Cancelled,African Development Bank,Finance,Sovereign
P-MA-HAA-003,Bnde III (Ligne de Credit),5000000.0,Morocco,1978-11-21,Completion,African Development Bank,Finance,Sovereign
P-SL-HA0-002,Line of Credit to Ndb II,2015284.85,Sierra Leone,1977-12-31,Completion,African Development Bank,Finance,Non Sovereign
P-NE-HA0-001,Ligne de Crédit I,1996165.41,Niger,1977-09-19,Completion,African Development Bank,Finance,Sovereign
P-EG-HAA-002,Lign of credit to the  Industrial Development Bank of Egypt,4994609.24,Egypt,1977-08-18,Completion,African Development Bank,Finance,Non Sovereign
P-MA-HAA-002,Deuxième Ligne de Crédit à Banque Nationale pour le Développement économique,2851738.4,Morocco,1976-07-16,Completion,African Development Bank,Finance,Sovereign
P-TN-HA0-001,1ere Ligne de Crédit à la Banque de développement économique de Tunisie (BDET),3000000.0,Tunisia,1976-07-16,Completion,African Development Bank,Finance,Sovereign
P-SL-HA0-001,Line of Credit to Ndb I,1000000.0,Sierra Leone,1974-11-22,Completion,African Development Bank,Finance,Non Sovereign
P-BI-H00-001,Ligne de Crédit,3975264.91,Burundi,1974-11-21,Completion,African Development Bank,Finance,Sovereign
P-MA-HAA-001,1ère Ligne de Crédit à la Banque Nationale pour le Développement économique,3912222.92,Morocco,1974-05-08,Completion,African Development Bank,Finance,Sovereign
P-MW-HA0-001,Malawi Development Corporation,1485997.2,Malawi,1972-11-22,Completion,African Development Bank,Finance,Sovereign
